Infinitiv,Form,Verb
backen,Präteritum 3. Pers. Ez. Er …,backte
backen,Partizip II Er hat … Er ist …,gebacken
backen,Präsens 2. Pers. Ez. Du …,backst
backen,Konjunktiv II 3. Pers. Ez. Wenn er doch …,backte
backen,Präteritum 3. Pers. Ez. Er …,buk
backen,Präsens 2. Pers. Ez. Du …,bäckst
backen,Konjunktiv II 3. Pers. Ez. Wenn er doch …,büke
befehlen,Präteritum 3. Pers. Ez. Er …,befahl
befehlen,Partizip II Er hat … Er ist …,befohlen
befehlen,Präsens 2. Pers. Ez. Du …,befiehlst
befehlen,Konjunktiv II 3. Pers. Ez. Wenn er doch …,beföhle
beginnen,Präteritum 3. Pers. Ez. Er …,begann
beginnen,Partizip II Er hat … Er ist …,begonnen
beginnen,Präsens 2. Pers. Ez. Du …,beginnst
beginnen,Konjunktiv II 3. Pers. Ez. Wenn er doch …,begönne
beissen,Präteritum 3. Pers. Ez. Er …,biss
beissen,Partizip II Er hat … Er ist …,gebissen
beissen,Präsens 2. Pers. Ez. Du …,beisst
beissen,Konjunktiv II 3. Pers. Ez. Wenn er doch …,bisse
beissen,Präsens 2. Pers. Ez. Du …,beissest
bellen,Präteritum 3. Pers. Ez. Er …,bellte
bellen,Partizip II Er hat … Er ist …,gebellt
bellen,Präsens 3. Pers. Ez. Er …,bellt
bellen,Konjunktiv II 3. Pers. Ez. Wenn er doch …,bellte
bergen,Präteritum 3. Pers. Ez. Er …,barg
bergen,Partizip II Er hat … Er ist …,geborgen
bergen,Präsens 2. Pers. Ez. Du …,birgst
bergen,Konjunktiv II 3. Pers. Ez. Wenn er doch …,bärge
bersten,Präteritum 3. Pers. Ez. Er …,barst
bersten,Partizip II Er hat … Er ist …,geborsten
bersten,Präsens 2. Pers. Ez. Du …,birst
bersten,Konjunktiv II 3. Pers. Ez. Wenn er doch …,bärste
beten,Präteritum 3. Pers. Ez. Er …,betete
beten,Partizip II Er hat … Er ist …,gebetet
beten,Präsens 2. Pers. Ez. Du …,betest
beten,Konjunktiv II 3. Pers. Ez. Wenn er doch …,betete
bewegen (veranlassen),Präteritum 3. Pers. Ez. Er …,bewog
bewegen (veranlassen),Partizip II Er hat … Er ist …,bewogen
bewegen (veranlassen),Präsens 2. Pers. Ez. Du …,bewegst
bewegen (veranlassen),Konjunktiv II 3. Pers. Ez. Wenn er doch …,bewöge
bewegen (Lage ändern),Präteritum 3. Pers. Ez. Er …,bewegte
bewegen (Lage ändern),Partizip II Er hat … Er ist …,bewegt
bewegen (Lage ändern),Präsens 2. Pers. Ez. Du …,bewegst
bewegen (Lage ändern),Konjunktiv II 3. Pers. Ez. Wenn er doch …,bewegte
biegen,Präteritum 3. Pers. Ez. Er …,bog
biegen,Partizip II Er hat … Er ist …,gebogen
biegen,Präsens 2. Pers. Ez. Du …,biegst
biegen,Konjunktiv II 3. Pers. Ez. Wenn er doch …,böge
bieten,Präteritum 3. Pers. Ez. Er …,bot
bieten,Partizip II Er hat … Er ist …,geboten
bieten,Präsens 2. Pers. Ez. Du …,bietest
bieten,Konjunktiv II 3. Pers. Ez. Wenn er doch …,böte
binden,Präteritum 3. Pers. Ez. Er …,band
binden,Partizip II Er hat … Er ist …,gebunden
binden,Präsens 2. Pers. Ez. Du …,bindest
binden,Konjunktiv II 3. Pers. Ez. Wenn er doch …,bände
bitten,Präteritum 3. Pers. Ez. Er …,bat
bitten,Partizip II Er hat … Er ist …,gebeten
bitten,Präsens 2. Pers. Ez. Du …,bittest
bitten,Konjunktiv II 3. Pers. Ez. Wenn er doch …,bäte
blasen,Präteritum 3. Pers. Ez. Er …,blies
blasen,Partizip II Er hat … Er ist …,geblasen
blasen,Präsens 2. Pers. Ez. Du …,bläst
blasen,Konjunktiv II 3. Pers. Ez. Wenn er doch …,bliese
bleiben,Präteritum 3. Pers. Ez. Er …,blieb
bleiben,Partizip II Er hat … Er ist …,geblieben
bleiben,Präsens 2. Pers. Ez. Du …,bleibst
bleiben,Konjunktiv II 3. Pers. Ez. Wenn er doch …,bliebe
bleichen (bleich werden),Präteritum 3. Pers. Ez. Er …,blich
bleichen (bleich werden),Partizip II Er hat … Er ist …,geblichen
bleichen (bleich werden),Präsens 2. Pers. Ez. Du …,bleichst
bleichen (bleich werden),Konjunktiv II 3. Pers. Ez. Wenn er doch …,bliche
bleichen (bleich machen),Präteritum 3. Pers. Ez. Er …,bleichte
bleichen (bleich machen),Partizip II Er hat … Er ist …,gebleicht
bleichen (bleich machen),Präsens 2. Pers. Ez. Du …,bleichst
bleichen (bleich machen),Konjunktiv II 3. Pers. Ez. Wenn er doch …,bleichte
braten,Präteritum 3. Pers. Ez. Er …,briet
braten,Partizip II Er hat … Er ist …,gebraten
braten,Präsens 2. Pers. Ez. Du …,brätst
braten,Konjunktiv II 3. Pers. Ez. Wenn er doch …,briete
brechen,Präteritum 3. Pers. Ez. Er …,brach
brechen,Partizip II Er hat … Er ist …,gebrochen
brechen,Präsens 2. Pers. Ez. Du …,brichst
brechen,Konjunktiv II 3. Pers. Ez. Wenn er doch …,bräche
brennen,Präteritum 3. Pers. Ez. Er …,brannte
brennen,Partizip II Er hat … Er ist …,gebrannt
brennen,Präsens 2. Pers. Ez. Du …,brennst
brennen,Konjunktiv II 3. Pers. Ez. Wenn er doch …,brennte
bringen,Präteritum 3. Pers. Ez. Er …,brachte
bringen,Partizip II Er hat … Er ist …,gebracht
bringen,Präsens 2. Pers. Ez. Du …,bringst
bringen,Konjunktiv II 3. Pers. Ez. Wenn er doch …,brächte
denken,Präteritum 3. Pers. Ez. Er …,dachte
denken,Partizip II Er hat … Er ist …,gedacht
denken,Präsens 2. Pers. Ez. Du …,denkst
denken,Konjunktiv II 3. Pers. Ez. Wenn er doch …,dächte
dreschen,Präteritum 3. Pers. Ez. Er …,drosch
dreschen,Partizip II Er hat … Er ist …,gedroschen
dreschen,Präsens 2. Pers. Ez. Du …,drischst
dreschen,Konjunktiv II 3. Pers. Ez. Wenn er doch …,drösche
dringen,Präteritum 3. Pers. Ez. Er …,drang
dringen,Partizip II Er hat … Er ist …,gedrungen
dringen,Präsens 2. Pers. Ez. Du …,dringst
dringen,Konjunktiv II 3. Pers. Ez. Wenn er doch …,dränge
dünken,Präteritum 3. Pers. Ez. Er …,dünkte
dünken,Partizip II Er hat … Er ist …,gedünkt
dünken,Präsens 2. Pers. Ez. Du …,dünkst
dünken,Konjunktiv II 3. Pers. Ez. Wenn er doch …,dünkte
dünken,Präteritum 3. Pers. Ez. Er …,deuchte
dünken,Partizip II Er hat … Er ist …,gedeucht
dürfen,Präteritum 3. Pers. Ez. Er …,durfte
dürfen,Partizip II Er hat … Er ist …,gedurft
dürfen,Präsens 2. Pers. Ez. Du …,darfst
dürfen,Konjunktiv II 3. Pers. Ez. Wenn er doch …,dürfte
empfehlen,Präteritum 3. Pers. Ez. Er …,empfahl
empfehlen,Partizip II Er hat … Er ist …,empfohlen
empfehlen,Präsens 2. Pers. Ez. Du …,empfiehlst
empfehlen,Konjunktiv II 3. Pers. Ez. Wenn er doch …,empföhle
erlöschen,Präteritum 3. Pers. Ez. Er …,erlosch
erlöschen,Partizip II Er hat … Er ist …,erloschen
erlöschen,Präsens 2. Pers. Ez. Du …,erlischst
erlöschen,Konjunktiv II 3. Pers. Ez. Wenn er doch …,erlösche
erschrecken (in Schrecken geraten),Präteritum 3. Pers. Ez. Er …,erschrak
erschrecken (in Schrecken geraten),Partizip II Er hat … Er ist …,erschrocken
erschrecken (in Schrecken geraten),Präsens 2. Pers. Ez. Du …,erschrickst
erschrecken (in Schrecken geraten),Konjunktiv II 3. Pers. Ez. Wenn er doch …,erschräke
erschrecken (in Schrecken versetzen),Präteritum 3. Pers. Ez. Er …,erschreckte
erschrecken (in Schrecken versetzen),Partizip II Er hat … Er ist …,erschreckt
erschrecken (in Schrecken versetzen),Präsens 2. Pers. Ez. Du …,erschreckst
erschrecken (in Schrecken versetzen),Konjunktiv II 3. Pers. Ez. Wenn er doch …,erschreckte
essen,Präteritum 3. Pers. Ez. Er …,ass
essen,Partizip II Er hat … Er ist …,gegessen
essen,Präsens 2. Pers. Ez. Du …,isst
essen,Konjunktiv II 3. Pers. Ez. Wenn er doch …,ässe
essen,Präsens 2. Pers. Ez. Du …,issest
fahren,Präteritum 3. Pers. Ez. Er …,fuhr
fahren,Partizip II Er hat … Er ist …,gefahren
fahren,Präsens 2. Pers. Ez. Du …,fährst
fahren,Konjunktiv II 3. Pers. Ez. Wenn er doch …,führe
fallen,Präteritum 3. Pers. Ez. Er …,fiel
fallen,Partizip II Er hat … Er ist …,gefallen
fallen,Präsens 2. Pers. Ez. Du …,fällst
fallen,Konjunktiv II 3. Pers. Ez. Wenn er doch …,fiele
fällen,Präteritum 3. Pers. Ez. Er …,fällte
fällen,Partizip II Er hat … Er ist …,gefällt
fällen,Präsens 2. Pers. Ez. Du …,fällst
fällen,Konjunktiv II 3. Pers. Ez. Wenn er doch …,fällte
fangen,Präteritum 3. Pers. Ez. Er …,fing
fangen,Partizip II Er hat … Er ist …,gefangen
fangen,Präsens 2. Pers. Ez. Du …,fängst
fangen,Konjunktiv II 3. Pers. Ez. Wenn er doch …,finge
fechten,Präteritum 3. Pers. Ez. Er …,focht
fechten,Partizip II Er hat … Er ist …,gefochten
fechten,Präsens 2. Pers. Ez. Du …,fichtst
fechten,Konjunktiv II 3. Pers. Ez. Wenn er doch …,föchte
finden,Präteritum 3. Pers. Ez. Er …,fand
finden,Partizip II Er hat … Er ist …,gefunden
finden,Präsens 2. Pers. Ez. Du …,findest
finden,Konjunktiv II 3. Pers. Ez. Wenn er doch …,fände
flechten,Präteritum 3. Pers. Ez. Er …,flocht
flechten,Partizip II Er hat … Er ist …,geflochten
flechten,Präsens 2. Pers. Ez. Du …,flichtst
flechten,Konjunktiv II 3. Pers. Ez. Wenn er doch …,flöchte
fliegen,Präteritum 3. Pers. Ez. Er …,flog
fliegen,Partizip II Er hat … Er ist …,geflogen
fliegen,Präsens 2. Pers. Ez. Du …,fliegst
fliegen,Konjunktiv II 3. Pers. Ez. Wenn er doch …,flöge
fliehen,Präteritum 3. Pers. Ez. Er …,floh
fliehen,Partizip II Er hat … Er ist …,geflohen
fliehen,Präsens 2. Pers. Ez. Du …,fliehst
fliehen,Konjunktiv II 3. Pers. Ez. Wenn er doch …,flöhe
fliessen,Präteritum 3. Pers. Ez. Er …,floss
fliessen,Partizip II Er hat … Er ist …,geflossen
fliessen,Präsens 2. Pers. Ez. Du …,fliesst
fliessen,Konjunktiv II 3. Pers. Ez. Wenn er doch …,flösse
fliessen,Präsens 2. Pers. Ez. Du …,fliessest
fragen,Präteritum 3. Pers. Ez. Er …,fragte
fragen,Partizip II Er hat … Er ist …,gefragt
fragen,Präsens 2. Pers. Ez. Du …,fragst
fragen,Konjunktiv II 3. Pers. Ez. Wenn er doch …,fragte
fressen,Präteritum 3. Pers. Ez. Er …,frass
fressen,Partizip II Er hat … Er ist …,gefressen
fressen,Präsens 2. Pers. Ez. Du …,frisst
fressen,Konjunktiv II 3. Pers. Ez. Wenn er doch …,frässe
fressen,Präsens 2. Pers. Ez. Du …,frissest
frieren,Präteritum 3. Pers. Ez. Er …,fror
frieren,Partizip II Er hat … Er ist …,gefroren
frieren,Präsens 2. Pers. Ez. Du …,frierst
frieren,Konjunktiv II 3. Pers. Ez. Wenn er doch …,fröre
gären,Präteritum 3. Pers. Ez. Er …,gor
gären,Partizip II Er hat … Er ist …,gegoren
gären,Präsens 2. Pers. Ez. Du …,gärst
gären,Konjunktiv II 3. Pers. Ez. Wenn er doch …,göre
gären,Präteritum 3. Pers. Ez. Er …,gärte
gären,Partizip II Er hat … Er ist …,gegärt
gären,Präsens 2. Pers. Ez. Du …,gärst
gären,Konjunktiv II 3. Pers. Ez. Wenn er doch …,gärte
gebären,Präteritum 3. Pers. Ez. Er …,gebar
gebären,Partizip II Er hat … Er ist …,geboren
gebären,Präsens 2. Pers. Ez. Du …,gebierst
gebären,Konjunktiv II 3. Pers. Ez. Wenn er doch …,gebäre
gebären,Präsens 2. Pers. Ez. Du …,gebärst
geben,Präteritum 3. Pers. Ez. Er …,gab
geben,Partizip II Er hat … Er ist …,gegeben
geben,Präsens 2. Pers. Ez. Du …,gibst
geben,Konjunktiv II 3. Pers. Ez. Wenn er doch …,gäbe
gedeihen,Präteritum 3. Pers. Ez. Er …,gedieh
gedeihen,Partizip II Er hat … Er ist …,gediehen
gedeihen,Präsens 2. Pers. Ez. Du …,gedeihst
gedeihen,Konjunktiv II 3. Pers. Ez. Wenn er doch …,gediehe
gehen,Präteritum 3. Pers. Ez. Er …,ging
gehen,Partizip II Er hat … Er ist …,gegangen
gehen,Präsens 2. Pers. Ez. Du …,gehst
gehen,Konjunktiv II 3. Pers. Ez. Wenn er doch …,ginge
gelingen,Präteritum 3. Pers. Ez. Er …,gelang
gelingen,Partizip II Er hat … Er ist …,gelungen
gelingen,Präsens 3. Pers. Ez. Es …,gelingt
gelingen,Konjunktiv II 3. Pers. Ez. Wenn er doch …,gelänge
gelten,Präteritum 3. Pers. Ez. Er …,galt
gelten,Partizip II Er hat … Er ist …,gegolten
gelten,Präsens 2. Pers. Ez. Du …,giltst
gelten,Konjunktiv II 3. Pers. Ez. Wenn er doch …,gölte
genesen,Präteritum 3. Pers. Ez. Er …,genas
genesen,Partizip II Er hat … Er ist …,genesen
genesen,Präsens 2. Pers. Ez. Du …,genest
genesen,Konjunktiv II 3. Pers. Ez. Wenn er doch …,genäse
genesen,Präsens 2. Pers. Ez. Du …,genesest
geniessen,Präteritum 3. Pers. Ez. Er …,genoss
geniessen,Partizip II Er hat … Er ist …,genossen
geniessen,Präsens 2. Pers. Ez. Du …,geniesst
geniessen,Konjunktiv II 3. Pers. Ez. Wenn er doch …,genösse
geniessen,Präsens 2. Pers. Ez. Du …,geniessest
geschehen,Präteritum 3. Pers. Ez. Er …,geschah
geschehen,Partizip II Er hat … Er ist …,geschehen
geschehen,Präsens 3. Pers. Ez. Es …,geschieht
geschehen,Konjunktiv II 3. Pers. Ez. Wenn er doch …,geschähe
gewinnen,Präteritum 3. Pers. Ez. Er …,gewann
gewinnen,Partizip II Er hat … Er ist …,gewonnen
gewinnen,Präsens 2. Pers. Ez. Du …,gewinnst
gewinnen,Konjunktiv II 3. Pers. Ez. Wenn er doch …,gewönne
giessen,Präteritum 3. Pers. Ez. Er …,goss
giessen,Partizip II Er hat … Er ist …,gegossen
giessen,Präsens 2. Pers. Ez. Du …,giesst
giessen,Konjunktiv II 3. Pers. Ez. Wenn er doch …,gösse
giessen,Präsens 2. Pers. Ez. Du …,giessest
gleichen,Präteritum 3. Pers. Ez. Er …,glich
gleichen,Partizip II Er hat … Er ist …,geglichen
gleichen,Präsens 2. Pers. Ez. Du …,gleichst
gleichen,Konjunktiv II 3. Pers. Ez. Wenn er doch …,gliche
gleiten,Präteritum 3. Pers. Ez. Er …,glitt
gleiten,Partizip II Er hat … Er ist …,geglitten
gleiten,Präsens 2. Pers. Ez. Du …,gleitest
gleiten,Konjunktiv II 3. Pers. Ez. Wenn er doch …,glitte
glimmen,Präteritum 3. Pers. Ez. Er …,glomm
glimmen,Partizip II Er hat … Er ist …,geglommen
glimmen,Präsens 2. Pers. Ez. Du …,glimmst
glimmen,Konjunktiv II 3. Pers. Ez. Wenn er doch …,glömme
glimmen,Präteritum 3. Pers. Ez. Er …,glimmte
glimmen,Partizip II Er hat … Er ist …,geglimmt
glimmen,Konjunktiv II 3. Pers. Ez. Wenn er doch …,glimmte
graben,Präteritum 3. Pers. Ez. Er …,grub
graben,Partizip II Er hat … Er ist …,gegraben
graben,Präsens 2. Pers. Ez. Du …,gräbst
graben,Konjunktiv II 3. Pers. Ez. Wenn er doch …,grübe
greifen,Präteritum 3. Pers. Ez. Er …,griff
greifen,Partizip II Er hat … Er ist …,gegriffen
greifen,Präsens 2. Pers. Ez. Du …,greifst
greifen,Konjunktiv II 3. Pers. Ez. Wenn er doch …,griffe
haben,Präteritum 3. Pers. Ez. Er …,hatte
haben,Partizip II Er hat … Er ist …,gehabt
haben,Präsens 2. Pers. Ez. Du …,hast
haben,Konjunktiv II 3. Pers. Ez. Wenn er doch …,hätte
halten,Präteritum 3. Pers. Ez. Er …,hielt
halten,Partizip II Er hat … Er ist …,gehalten
halten,Präsens 2. Pers. Ez. Du …,hältst
halten,Konjunktiv II 3. Pers. Ez. Wenn er doch …,hielte
hängen (z.B. am Haken),Präteritum 3. Pers. Ez. Er …,hing
hängen (z.B. am Haken),Partizip II Er hat … Er ist …,gehangen
hängen (z.B. am Haken),Präsens 2. Pers. Ez. Du …,hängst
hängen (z.B. am Haken),Konjunktiv II 3. Pers. Ez. Wenn er doch …,hinge
hängen (aufhängen),Präteritum 3. Pers. Ez. Er …,hängte
hängen (aufhängen),Partizip II Er hat … Er ist …,gehängt
hängen (aufhängen),Präsens 2. Pers. Ez. Du …,hängst
hängen (aufhängen),Konjunktiv II 3. Pers. Ez. Wenn er doch …,hängte
hauen,Präteritum 3. Pers. Ez. Er …,haute
hauen,Partizip II Er hat … Er ist …,gehauen
hauen,Präsens 2. Pers. Ez. Du …,haust
hauen,Konjunktiv II 3. Pers. Ez. Wenn er doch …,haute
hauen,Präteritum 3. Pers. Ez. Er … (mit dem Schwert),hieb
hauen,Konjunktiv II 3. Pers. Ez. Wenn er doch …,hiebe
heben,Präteritum 3. Pers. Ez. Er …,hob
heben,Partizip II Er hat … Er ist …,gehoben
heben,Präsens 2. Pers. Ez. Du …,hebst
heben,Konjunktiv II 3. Pers. Ez. Wenn er doch …,höbe
heissen,Präteritum 3. Pers. Ez. Er …,hiess
heissen,Partizip II Er hat … Er ist …,geheissen
heissen,Präsens 2. Pers. Ez. Du …,heisst
heissen,Konjunktiv II 3. Pers. Ez. Wenn er doch …,hiesse
heissen,Präsens 2. Pers. Ez. Du …,heissest
helfen,Präteritum 3. Pers. Ez. Er …,half
helfen,Partizip II Er hat … Er ist …,geholfen
helfen,Präsens 2. Pers. Ez. Du …,hilfst
helfen,Konjunktiv II 3. Pers. Ez. Wenn er doch …,hülfe
hinken,Präteritum 3. Pers. Ez. Er …,hinkte
hinken,Partizip II Er hat … Er ist …,gehinkt
hinken,Präsens 2. Pers. Ez. Du …,hinkst
hinken,Konjunktiv II 3. Pers. Ez. Wenn er doch …,hinkte
kennen,Präteritum 3. Pers. Ez. Er …,kannte
kennen,Partizip II Er hat … Er ist …,gekannt
kennen,Präsens 2. Pers. Ez. Du …,kennst
kennen,Konjunktiv II 3. Pers. Ez. Wenn er doch …,kennte
klimmen,Präteritum 3. Pers. Ez. Er …,klomm
klimmen,Partizip II Er hat … Er ist …,geklommen
klimmen,Präsens 2. Pers. Ez. Du …,klimmst
klimmen,Konjunktiv II 3. Pers. Ez. Wenn er doch …,klömme
klimmen,Präteritum 3. Pers. Ez. Er …,klimmte
klimmen,Partizip II Er hat … Er ist …,geklimmt
klimmen,Konjunktiv II 3. Pers. Ez. Wenn er doch …,klimmte
klingen,Präteritum 3. Pers. Ez. Er …,klang
klingen,Partizip II Er hat … Er ist …,geklungen
klingen,Präsens 2. Pers. Ez. Du …,klingst
klingen,Konjunktiv II 3. Pers. Ez. Wenn er doch …,klänge
kneifen,Präteritum 3. Pers. Ez. Er …,kniff
kneifen,Partizip II Er hat … Er ist …,gekniffen
kneifen,Präsens 2. Pers. Ez. Du …,kneifst
kneifen,Konjunktiv II 3. Pers. Ez. Wenn er doch …,kniffe
kommen,Präteritum 3. Pers. Ez. Er …,kam
kommen,Partizip II Er hat … Er ist …,gekommen
kommen,Präsens 2. Pers. Ez. Du …,kommst
kommen,Konjunktiv II 3. Pers. Ez. Wenn er doch …,käme
können,Präteritum 3. Pers. Ez. Er …,konnte
können,Partizip II Er hat … Er ist …,gekonnt
können,Präsens 2. Pers. Ez. Du …,kannst
können,Konjunktiv II 3. Pers. Ez. Wenn er doch …,könnte
kreischen,Präteritum 3. Pers. Ez. Er …,kreischte
kreischen,Partizip II Er hat … Er ist …,gekreischt
kreischen,Präsens 2. Pers. Ez. Du …,kreischst
kreischen,Konjunktiv II 3. Pers. Ez. Wenn er doch …,kreischte
kriechen,Präteritum 3. Pers. Ez. Er …,kroch
kriechen,Partizip II Er hat … Er ist …,gekrochen
kriechen,Präsens 2. Pers. Ez. Du …,kriechst
kriechen,Konjunktiv II 3. Pers. Ez. Wenn er doch …,kröche
laden,Präteritum 3. Pers. Ez. Er …,lud
laden,Partizip II Er hat … Er ist …,geladen
laden,Präsens 2. Pers. Ez. Du …,lädst
laden,Konjunktiv II 3. Pers. Ez. Wenn er doch …,lüde
lassen,Präteritum 3. Pers. Ez. Er …,liess
lassen,Partizip II Er hat … Er ist …,gelassen
lassen,Präsens 2. Pers. Ez. Du …,lässt
lassen,Konjunktiv II 3. Pers. Ez. Wenn er doch …,liesse
lassen,Präsens 2. Pers. Ez. Du …,lässest
laufen,Präteritum 3. Pers. Ez. Er …,lief
laufen,Partizip II Er hat … Er ist …,gelaufen
laufen,Präsens 2. Pers. Ez. Du …,läufst
laufen,Konjunktiv II 3. Pers. Ez. Wenn er doch …,liefe
leiden,Präteritum 3. Pers. Ez. Er …,litt
leiden,Partizip II Er hat … Er ist …,gelitten
leiden,Präsens 2. Pers. Ez. Du …,leidest
leiden,Konjunktiv II 3. Pers. Ez. Wenn er doch …,litte
leihen,Präteritum 3. Pers. Ez. Er …,lieh
leihen,Partizip II Er hat … Er ist …,geliehen
leihen,Präsens 2. Pers. Ez. Du …,leihst
leihen,Konjunktiv II 3. Pers. Ez. Wenn er doch …,liehe
lesen,Präteritum 3. Pers. Ez. Er …,las
lesen,Partizip II Er hat … Er ist …,gelesen
lesen,Präsens 2. Pers. Ez. Du …,liest
lesen,Konjunktiv II 3. Pers. Ez. Wenn er doch …,läse
lesen,Präsens 2. Pers. Ez. Du …,liesest
liegen,Präteritum 3. Pers. Ez. Er …,lag
liegen,Partizip II Er hat … Er ist …,gelegen
liegen,Präsens 2. Pers. Ez. Du …,liegst
liegen,Konjunktiv II 3. Pers. Ez. Wenn er doch …,läge
löschen (erlöschen),Präteritum 3. Pers. Ez. Er …,losch
löschen (erlöschen),Partizip II Er hat … Er ist …,geloschen
löschen (erlöschen),Präsens 2. Pers. Ez. Du …,lischst
löschen (erlöschen),Konjunktiv II 3. Pers. Ez. Wenn er doch …,lösche
löschen (einen Brand),Präteritum 3. Pers. Ez. Er …,löschte
löschen (einen Brand),Partizip II Er hat … Er ist …,gelöscht
löschen (einen Brand),Präsens 2. Pers. Ez. Du …,löschst
löschen (einen Brand),Konjunktiv II 3. Pers. Ez. Wenn er doch …,löschte
lügen,Präteritum 3. Pers. Ez. Er …,log
lügen,Partizip II Er hat … Er ist …,gelogen
lügen,Präsens 2. Pers. Ez. Du …,lügst
lügen,Konjunktiv II 3. Pers. Ez. Wenn er doch …,löge
mahlen,Präteritum 3. Pers. Ez. Er …,mahlte
mahlen,Partizip II Er hat … Er ist …,gemahlen
mahlen,Präsens 2. Pers. Ez. Du …,mahlst
mahlen,Konjunktiv II 3. Pers. Ez. Wenn er doch …,mahlte
meiden,Präteritum 3. Pers. Ez. Er …,mied
meiden,Partizip II Er hat … Er ist …,gemieden
meiden,Präsens 2. Pers. Ez. Du …,meidest
meiden,Konjunktiv II 3. Pers. Ez. Wenn er doch …,miede
melken,Präteritum 3. Pers. Ez. Er …,molk
melken,Partizip II Er hat … Er ist …,gemolken
melken,Präsens 2. Pers. Ez. Du …,milkst
melken,Konjunktiv II 3. Pers. Ez. Wenn er doch …,mölke
melken,Präteritum 3. Pers. Ez. Er …,melkte
melken,Partizip II Er hat … Er ist …,gemelkt
melken,Präsens 2. Pers. Ez. Du …,melkst
melken,Konjunktiv II 3. Pers. Ez. Wenn er doch …,melkte
messen,Präteritum 3. Pers. Ez. Er …,mass
messen,Partizip II Er hat … Er ist …,gemessen
messen,Präsens 2. Pers. Ez. Du …,misst
messen,Konjunktiv II 3. Pers. Ez. Wenn er doch …,mässe
messen,Präsens 2. Pers. Ez. Du …,misstest
misslingen,Präteritum 3. Pers. Ez. Er …,misslang
misslingen,Partizip II Er hat … Er ist …,misslungen
misslingen,Präsens 3. Pers. Ez. Es …,misslingt
misslingen,Konjunktiv II 3. Pers. Ez. Wenn er doch …,misslänge
mögen,Präteritum 3. Pers. Ez. Er …,mochte
mögen,Partizip II Er hat … Er ist …,gemocht
mögen,Präsens 2. Pers. Ez. Du …,magst
mögen,Konjunktiv II 3. Pers. Ez. Wenn er doch …,möchte
müssen,Präteritum 3. Pers. Ez. Er …,musste
müssen,Partizip II Er hat … Er ist …,gemusst
müssen,Präsens 2. Pers. Ez. Du …,musst
müssen,Konjunktiv II 3. Pers. Ez. Wenn er doch …,müsste
nehmen,Präteritum 3. Pers. Ez. Er …,nahm
nehmen,Partizip II Er hat … Er ist …,genommen
nehmen,Präsens 2. Pers. Ez. Du …,nimmst
nehmen,Konjunktiv II 3. Pers. Ez. Wenn er doch …,nähme
nennen,Präteritum 3. Pers. Ez. Er …,nannte
nennen,Partizip II Er hat … Er ist …,genannt
nennen,Präsens 2. Pers. Ez. Du …,nennst
nennen,Konjunktiv II 3. Pers. Ez. Wenn er doch …,nennte
niesen,Präteritum 3. Pers. Ez. Er …,nieste
niesen,Partizip II Er hat … Er ist …,geniest
niesen,Präsens 2. Pers. Ez. Du …,niest
niesen,Konjunktiv II 3. Pers. Ez. Wenn er doch …,nieste
pfeifen,Präteritum 3. Pers. Ez. Er …,pfiff
pfeifen,Partizip II Er hat … Er ist …,gepfiffen
pfeifen,Präsens 2. Pers. Ez. Du …,pfeifst
pfeifen,Konjunktiv II 3. Pers. Ez. Wenn er doch …,pfiffe
pflegen,Präteritum 3. Pers. Ez. Er …,pflegte
pflegen,Partizip II Er hat … Er ist …,gepflegt
pflegen,Präsens 2. Pers. Ez. Du …,pflegst
pflegen,Konjunktiv II 3. Pers. Ez. Wenn er doch …,pflegte
preisen,Präteritum 3. Pers. Ez. Er …,pries
preisen,Partizip II Er hat … Er ist …,gepriesen
preisen,Präsens 2. Pers. Ez. Du …,preist
preisen,Konjunktiv II 3. Pers. Ez. Wenn er doch …,priese
preisen,Präsens 2. Pers. Ez. Du …,preistest
putzen,Präteritum 3. Pers. Ez. Er …,putzte
putzen,Partizip II Er hat … Er ist …,geputzt
putzen,Präsens 2. Pers. Ez. Du …,putzt
putzen,Konjunktiv II 3. Pers. Ez. Wenn er doch …,putzte
putzen,Präsens 2. Pers. Ez. Du …,putztest
quellen (dicker werden),Präteritum 3. Pers. Ez. Er …,quoll
quellen (dicker werden),Partizip II Er hat … Er ist …,gequollen
quellen (dicker werden),Präsens 2. Pers. Ez. Du …,quillst
quellen (dicker werden),Konjunktiv II 3. Pers. Ez. Wenn er doch …,quölle
quellen (einweichen),Präteritum 3. Pers. Ez. Er …,quellte
quellen (einweichen),Partizip II Er hat … Er ist …,gequellt
quellen (einweichen),Präsens 2. Pers. Ez. Du …,quellst
quellen (einweichen),Konjunktiv II 3. Pers. Ez. Wenn er doch …,quellte
raten,Präteritum 3. Pers. Ez. Er …,riet
raten,Partizip II Er hat … Er ist …,geraten
raten,Präsens 2. Pers. Ez. Du …,rätst
raten,Konjunktiv II 3. Pers. Ez. Wenn er doch …,riete
reiben,Präteritum 3. Pers. Ez. Er …,rieb
reiben,Partizip II Er hat … Er ist …,gerieben
reiben,Präsens 2. Pers. Ez. Du …,reibst
reiben,Konjunktiv II 3. Pers. Ez. Wenn er doch …,riebe
reissen,Präteritum 3. Pers. Ez. Er …,riss
reissen,Partizip II Er hat … Er ist …,gerissen
reissen,Präsens 2. Pers. Ez. Du …,reisst
reissen,Konjunktiv II 3. Pers. Ez. Wenn er doch …,risse
reissen,Präsens 2. Pers. Ez. Du …,reisstest
reiten,Präteritum 3. Pers. Ez. Er …,ritt
reiten,Partizip II Er hat … Er ist …,geritten
reiten,Präsens 2. Pers. Ez. Du …,reitest
reiten,Konjunktiv II 3. Pers. Ez. Wenn er doch …,ritte
rennen,Präteritum 3. Pers. Ez. Er …,rannte
rennen,Partizip II Er hat … Er ist …,gerannt
rennen,Präsens 2. Pers. Ez. Du …,rennst
rennen,Konjunktiv II 3. Pers. Ez. Wenn er doch …,rennte
riechen,Präteritum 3. Pers. Ez. Er …,roch
riechen,Partizip II Er hat … Er ist …,geröchen
riechen,Präsens 2. Pers. Ez. Du …,riechst
riechen,Konjunktiv II 3. Pers. Ez. Wenn er doch …,röche
ringen,Präteritum 3. Pers. Ez. Er …,rang
ringen,Partizip II Er hat … Er ist …,gerungen
ringen,Präsens 2. Pers. Ez. Du …,ringst
ringen,Konjunktiv II 3. Pers. Ez. Wenn er doch …,ränge
rinnen,Präteritum 3. Pers. Ez. Er …,rann
rinnen,Partizip II Er hat … Er ist …,geronnen
rinnen,Präsens 3. Pers. Ez. Es …,rinnt
rinnen,Konjunktiv II 3. Pers. Ez. Wenn er doch …,ränne
rufen,Präteritum 3. Pers. Ez. Er …,rief
rufen,Partizip II Er hat … Er ist …,gerufen
rufen,Präsens 2. Pers. Ez. Du …,rufst
rufen,Konjunktiv II 3. Pers. Ez. Wenn er doch …,riefe
salzen,Präteritum 3. Pers. Ez. Er …,salzte
salzen,Partizip II Er hat … Er ist …,gesalzen
salzen,Präsens 2. Pers. Ez. Du …,salzt
salzen,Konjunktiv II 3. Pers. Ez. Wenn er doch …,salzte
salzen,Partizip II Er hat … Er ist …,gesalzt
salzen,Präsens 2. Pers. Ez. Du …,salzest
saufen,Präteritum 3. Pers. Ez. Er …,soff
saufen,Partizip II Er hat … Er ist …,gesoffen
saufen,Präsens 2. Pers. Ez. Du …,säufst
saufen,Konjunktiv II 3. Pers. Ez. Wenn er doch …,söffe
saugen,Präteritum 3. Pers. Ez. Er …,sog
saugen,Partizip II Er hat … Er ist …,gesogen
saugen,Präsens 2. Pers. Ez. Du …,saugst
saugen,Konjunktiv II 3. Pers. Ez. Wenn er doch …,söge
saugen,Präteritum 3. Pers. Ez. Er …,saugte
saugen,Partizip II Er hat … Er ist …,gesaugt
saugen,Konjunktiv II 3. Pers. Ez. Wenn er doch …,saugte
schaffen (gestaltend hervorbringen),Präteritum 3. Pers. Ez. Er …,schuf
schaffen (gestaltend hervorbringen),Partizip II Er hat … Er ist …,geschaffen
schaffen (gestaltend hervorbringen),Präsens 2. Pers. Ez. Du …,schaffst
schaffen (gestaltend hervorbringen),Konjunktiv II 3. Pers. Ez. Wenn er doch …,schüfe
schaffen (arbeiten),Präteritum 3. Pers. Ez. Er …,schaffte
schaffen (arbeiten),Partizip II Er hat … Er ist …,geschafft
schaffen (arbeiten),Präsens 2. Pers. Ez. Du …,schaffst
schaffen (arbeiten),Konjunktiv II 3. Pers. Ez. Wenn er doch …,schaffte
schallen,Präteritum 3. Pers. Ez. Er …,scholl
schallen,Partizip II Er hat … Er ist …,geschallt
schallen,Präsens 3. Pers. Ez. Es …,schallt
schallen,Konjunktiv II 3. Pers. Ez. Wenn er doch …,schölle
schallen,Präteritum 3. Pers. Ez. Er …,schallte
schallen,Konjunktiv II 3. Pers. Ez. Wenn er doch …,schallte
scheiden,Präteritum 3. Pers. Ez. Er …,schied
scheiden,Partizip II Er hat … Er ist …,geschieden
scheiden,Präsens 2. Pers. Ez. Du …,scheidest
scheiden,Konjunktiv II 3. Pers. Ez. Wenn er doch …,schiede
scheinen,Präteritum 3. Pers. Ez. Er …,schien
scheinen,Partizip II Er hat … Er ist …,geschienen
scheinen,Präsens 2. Pers. Ez. Du …,scheinst
scheinen,Konjunktiv II 3. Pers. Ez. Wenn er doch …,schiene
schelten,Präteritum 3. Pers. Ez. Er …,schalt
schelten,Partizip II Er hat … Er ist …,gescholten
schelten,Präsens 2. Pers. Ez. Du …,schiltst
schelten,Konjunktiv II 3. Pers. Ez. Wenn er doch …,schölte
scheren,Präteritum 3. Pers. Ez. Er …,schor
scheren,Partizip II Er hat … Er ist …,geschoren
scheren,Präsens 2. Pers. Ez. Du …,scherst
scheren,Konjunktiv II 3. Pers. Ez. Wenn er doch …,schöre
scheren,Präteritum 3. Pers. Ez. Er …,scherte
scheren,Partizip II Er hat … Er ist …,geschert
schieben,Präteritum 3. Pers. Ez. Er …,schob
schieben,Partizip II Er hat … Er ist …,geschoben
schieben,Präsens 2. Pers. Ez. Du …,schiebst
schieben,Konjunktiv II 3. Pers. Ez. Wenn er doch …,schöbe
schiessen,Präteritum 3. Pers. Ez. Er …,schoss
schiessen,Partizip II Er hat … Er ist …,geschossen
schiessen,Präsens 2. Pers. Ez. Du …,schiesst
schiessen,Konjunktiv II 3. Pers. Ez. Wenn er doch …,schösse
schiessen,Präsens 2. Pers. Ez. Du …,schiessest
schimpfen,Präteritum 3. Pers. Ez. Er …,schimpfte
schimpfen,Partizip II Er hat … Er ist …,geschimpft
schimpfen,Präsens 2. Pers. Ez. Du …,schimpfst
schimpfen,Konjunktiv II 3. Pers. Ez. Wenn er doch …,schimpfte
schlafen,Präteritum 3. Pers. Ez. Er …,schlief
schlafen,Partizip II Er hat … Er ist …,geschlafen
schlafen,Präsens 2. Pers. Ez. Du …,schläfst
schlafen,Konjunktiv II 3. Pers. Ez. Wenn er doch …,schliefe
schlagen,Präteritum 3. Pers. Ez. Er …,schlug
schlagen,Partizip II Er hat … Er ist …,geschlagen
schlagen,Präsens 2. Pers. Ez. Du …,schlägst
schlagen,Konjunktiv II 3. Pers. Ez. Wenn er doch …,schlüge
schleichen,Präteritum 3. Pers. Ez. Er …,schlich
schleichen,Partizip II Er hat … Er ist …,geschlichen
schleichen,Präsens 2. Pers. Ez. Du …,schleichst
schleichen,Konjunktiv II 3. Pers. Ez. Wenn er doch …,schliche
schleifen (schärfen),Präteritum 3. Pers. Ez. Er …,schliff
schleifen (schärfen),Partizip II Er hat … Er ist …,geschliffen
schleifen (schärfen),Präsens 2. Pers. Ez. Du …,schleifst
schleifen (schärfen),Konjunktiv II 3. Pers. Ez. Wenn er doch …,schliffe
schleifen (über den Boden ziehen),Präteritum 3. Pers. Ez. Er …,schleifte
schleifen (über den Boden ziehen),Partizip II Er hat … Er ist …,geschleift
schleifen (über den Boden ziehen),Präsens 2. Pers. Ez. Du …,schleifst
schleifen (über den Boden ziehen),Konjunktiv II 3. Pers. Ez. Wenn er doch …,schleifte
schliessen,Präteritum 3. Pers. Ez. Er …,schloss
schliessen,Partizip II Er hat … Er ist …,geschlossen
schliessen,Präsens 2. Pers. Ez. Du …,schliesst
schliessen,Konjunktiv II 3. Pers. Ez. Wenn er doch …,schlösse
schliessen,Präsens 2. Pers. Ez. Du …,schliessest
schlingen,Präteritum 3. Pers. Ez. Er …,schlang
schlingen,Partizip II Er hat … Er ist …,geschlungen
schlingen,Präsens 2. Pers. Ez. Du …,schlingst
schlingen,Konjunktiv II 3. Pers. Ez. Wenn er doch …,schlänge
schlüpfen,Präteritum 3. Pers. Ez. Er …,schlüpfte
schlüpfen,Partizip II Er hat … Er ist …,geschlüpft
schlüpfen,Präsens 2. Pers. Ez. Du …,schlüpfst
schlüpfen,Konjunktiv II 3. Pers. Ez. Wenn er doch …,schlüpfte
schmelzen (flüssig werden),Präteritum 3. Pers. Ez. Er …,schmolz
schmelzen (flüssig werden),Partizip II Er hat … Er ist …,geschmolzen
schmelzen (flüssig werden),Präsens 2. Pers. Ez. Du …,schmilzt
schmelzen (flüssig werden),Konjunktiv II 3. Pers. Ez. Wenn er doch …,schmölze
schmelzen (flüssig werden),Präsens 2. Pers. Ez. Du …,schmilzest
schmelzen (flüssig machen),Präteritum 3. Pers. Ez. Er …,schmolz
schmelzen (flüssig machen),Partizip II Er hat … Er ist …,geschmolzen
schmelzen (flüssig machen),Präsens 2. Pers. Ez. Du …,schmilzt
schmelzen (flüssig machen),Konjunktiv II 3. Pers. Ez. Wenn er doch …,schmölze
schmelzen (flüssig machen),Präsens 2. Pers. Ez. Du …,schmilztest
schmelzen (flüssig machen),Präteritum 3. Pers. Ez. Er …,schmelzte
schmelzen (flüssig machen),Partizip II Er hat … Er ist …,geschmelzt
schmelzen (flüssig machen),Präsens 2. Pers. Ez. Du …,schmelzt
schmelzen (flüssig machen),Konjunktiv II 3. Pers. Ez. Wenn er doch …,schmelzte
schmelzen (flüssig machen),Präsens 2. Pers. Ez. Du …,schmelztest
schnauben,Präteritum 3. Pers. Ez. Er …,schnob
schnauben,Partizip II Er hat … Er ist …,geschnoben
schnauben,Präsens 3. Pers. Ez. Es …,schnaubt
schnauben,Konjunktiv II 3. Pers. Ez. Wenn er doch …,schnöbe
schnauben,Präteritum 3. Pers. Ez. Er …,schnaubte
schnauben,Partizip II Er hat … Er ist …,geschnaubt
schnauben,Konjunktiv II 3. Pers. Ez. Wenn er doch …,schnaubte
schneiden,Präteritum 3. Pers. Ez. Er …,schnitt
schneiden,Partizip II Er hat … Er ist …,geschnitten
schneiden,Präsens 2. Pers. Ez. Du …,schneidest
schneiden,Konjunktiv II 3. Pers. Ez. Wenn er doch …,schnitte
schreiben,Präteritum 3. Pers. Ez. Er …,schrieb
schreiben,Partizip II Er hat … Er ist …,geschrieben
schreiben,Präsens 2. Pers. Ez. Du …,schreibst
schreiben,Konjunktiv II 3. Pers. Ez. Wenn er doch …,schriebe
schreien,Präteritum 3. Pers. Ez. Er …,schrie
schreien,Partizip II Er hat … Er ist …,geschrien
schreien,Präsens 2. Pers. Ez. Du …,schreist
schreien,Konjunktiv II 3. Pers. Ez. Wenn er doch …,schrie
schreiten,Präteritum 3. Pers. Ez. Er …,schritt
schreiten,Partizip II Er hat … Er ist …,geschritten
schreiten,Präsens 2. Pers. Ez. Du …,schreitest
schreiten,Konjunktiv II 3. Pers. Ez. Wenn er doch …,schritte
schweigen,Präteritum 3. Pers. Ez. Er …,schwieg
schweigen,Partizip II Er hat … Er ist …,geschwiegen
schweigen,Präsens 2. Pers. Ez. Du …,schweigst
schweigen,Konjunktiv II 3. Pers. Ez. Wenn er doch …,schwiege
schwellen (dicker werden),Präteritum 3. Pers. Ez. Er …,schwoll
schwellen (dicker werden),Partizip II Er hat … Er ist …,geschwollen
schwellen (dicker werden),Präsens 2. Pers. Ez. Du …,schwillst
schwellen (dicker werden),Konjunktiv II 3. Pers. Ez. Wenn er doch …,schwölle
schwellen (dicker machen),Präteritum 3. Pers. Ez. Er …,schwellte
schwellen (dicker machen),Partizip II Er hat … Er ist …,geschwellt
schwellen (dicker machen),Präsens 2. Pers. Ez. Du …,schwellst
schwellen (dicker machen),Konjunktiv II 3. Pers. Ez. Wenn er doch …,schwellte
schwimmen,Präteritum 3. Pers. Ez. Er …,schwamm
schwimmen,Partizip II Er hat … Er ist …,geschwommen
schwimmen,Präsens 2. Pers. Ez. Du …,schwimmst
schwimmen,Konjunktiv II 3. Pers. Ez. Wenn er doch …,schwömme
schwinden,Präteritum 3. Pers. Ez. Er …,schwand
schwinden,Partizip II Er hat … Er ist …,geschwunden
schwinden,Präsens 2. Pers. Ez. Du …,schwindest
schwinden,Konjunktiv II 3. Pers. Ez. Wenn er doch …,schwände
schwingen,Präteritum 3. Pers. Ez. Er …,schwang
schwingen,Partizip II Er hat … Er ist …,geschwungen
schwingen,Präsens 2. Pers. Ez. Du …,schwingst
schwingen,Konjunktiv II 3. Pers. Ez. Wenn er doch …,schwänge
schwören,Präteritum 3. Pers. Ez. Er …,schwor
schwören,Partizip II Er hat … Er ist …,geschworen
schwören,Präsens 2. Pers. Ez. Du …,schwörst
schwören,Konjunktiv II 3. Pers. Ez. Wenn er doch …,schwüre
sehen,Präteritum 3. Pers. Ez. Er …,sah
sehen,Partizip II Er hat … Er ist …,gesehen
sehen,Präsens 2. Pers. Ez. Du …,siehst
sehen,Konjunktiv II 3. Pers. Ez. Wenn er doch …,sähe
sein,Präteritum 3. Pers. Ez. Er …,war
sein,Partizip II Er hat … Er ist …,gewesen
sein,Präsens 2. Pers. Ez. Du …,bist
sein,Konjunktiv II 3. Pers. Ez. Wenn er doch …,wäre
senden,Präteritum 3. Pers. Ez. Er …,sandte
senden,Partizip II Er hat … Er ist …,gesandt
senden,Präsens 2. Pers. Ez. Du …,sendest
senden,Konjunktiv II 3. Pers. Ez. Wenn er doch …,sendete
senden,Präteritum 3. Pers. Ez. Er …,sendete
senden,Partizip II Er hat … Er ist …,gesendet
sieden,Präteritum 3. Pers. Ez. Er …,sott
sieden,Partizip II Er hat … Er ist …,gesotten
sieden,Präsens 2. Pers. Ez. Du …,siedest
sieden,Konjunktiv II 3. Pers. Ez. Wenn er doch …,sötte
sieden,Präteritum 3. Pers. Ez. Er …,siedete
sieden,Partizip II Er hat … Er ist …,gesiedet
sieden,Konjunktiv II 3. Pers. Ez. Wenn er doch …,siedete
singen,Präteritum 3. Pers. Ez. Er …,sang
singen,Partizip II Er hat … Er ist …,gesungen
singen,Präsens 2. Pers. Ez. Du …,singst
singen,Konjunktiv II 3. Pers. Ez. Wenn er doch …,sänge
sinken,Präteritum 3. Pers. Ez. Er …,sank
sinken,Partizip II Er hat … Er ist …,gesunken
sinken,Präsens 2. Pers. Ez. Du …,sinkst
sinken,Konjunktiv II 3. Pers. Ez. Wenn er doch …,sänke
sinnen,Präteritum 3. Pers. Ez. Er …,sann
sinnen,Partizip II Er hat … Er ist …,gesonnen
sinnen,Präsens 2. Pers. Ez. Du …,sinnst
sinnen,Konjunktiv II 3. Pers. Ez. Wenn er doch …,sänne
sitzen,Präteritum 3. Pers. Ez. Er …,sass
sitzen,Partizip II Er hat … Er ist …,gesessen
sitzen,Präsens 2. Pers. Ez. Du …,sitzt
sitzen,Konjunktiv II 3. Pers. Ez. Wenn er doch …,sässe
sitzen,Präsens 2. Pers. Ez. Du …,sitzest
sollen,Präteritum 3. Pers. Ez. Er …,sollte
sollen,Partizip II Er hat … Er ist …,gesollt
sollen,Präsens 2. Pers. Ez. Du …,sollst
sollen,Konjunktiv II 3. Pers. Ez. Wenn er doch …,sollte
spalten,Präteritum 3. Pers. Ez. Er …,spaltete
spalten,Partizip II Er hat … Er ist …,gespalten
spalten,Präsens 2. Pers. Ez. Du …,spaltest
spalten,Konjunktiv II 3. Pers. Ez. Wenn er doch …,spaltete
spalten,Partizip II Er hat … Er ist …,gespaltet
speien,Präteritum 3. Pers. Ez. Er …,spie
speien,Partizip II Er hat … Er ist …,gespien
speien,Präsens 2. Pers. Ez. Du …,speist
speien,Konjunktiv II 3. Pers. Ez. Wenn er doch …,spie
speisen,Präteritum 3. Pers. Ez. Er …,speiste
speisen,Partizip II Er hat … Er ist …,gespeist
speisen,Präsens 2. Pers. Ez. Du …,speist
speisen,Konjunktiv II 3. Pers. Ez. Wenn er doch …,speiste
speisen,Präsens 2. Pers. Ez. Du …,speistest
spinnen,Präteritum 3. Pers. Ez. Er …,spann
spinnen,Partizip II Er hat … Er ist …,gesponnen
spinnen,Präsens 2. Pers. Ez. Du …,spinnst
spinnen,Konjunktiv II 3. Pers. Ez. Wenn er doch …,spönne
sprechen,Präteritum 3. Pers. Ez. Er …,sprach
sprechen,Partizip II Er hat … Er ist …,gesprochen
sprechen,Präsens 2. Pers. Ez. Du …,sprichst
sprechen,Konjunktiv II 3. Pers. Ez. Wenn er doch …,spräche
spriessen,Präteritum 3. Pers. Ez. Er …,spross
spriessen,Partizip II Er hat … Er ist …,gesprossen
spriessen,Präsens 3. Pers. Ez. Es …,spriesst
spriessen,Konjunktiv II 3. Pers. Ez. Wenn er doch …,sprosse
springen,Präteritum 3. Pers. Ez. Er …,sprang
springen,Partizip II Er hat … Er ist …,gesprungen
springen,Präsens 2. Pers. Ez. Du …,springst
springen,Konjunktiv II 3. Pers. Ez. Wenn er doch …,spränge
stechen,Präteritum 3. Pers. Ez. Er …,stach
stechen,Partizip II Er hat … Er ist …,gestochen
stechen,Präsens 2. Pers. Ez. Du …,stichst
stechen,Konjunktiv II 3. Pers. Ez. Wenn er doch …,stäche
stecken (festsitzen),Präteritum 3. Pers. Ez. Er …,stak
stecken (festsitzen),Partizip II Er hat … Er ist …,gesteckt
stecken (festsitzen),Präsens 2. Pers. Ez. Du …,steckst
stecken (festsitzen),Konjunktiv II 3. Pers. Ez. Wenn er doch …,stäke
stecken (festsitzen),Präteritum 3. Pers. Ez. Er …,steckte
stecken (festsitzen),Konjunktiv II 3. Pers. Ez. Wenn er doch …,steckte
stecken (festheften),Präteritum 3. Pers. Ez. Er …,steckte
stecken (festheften),Partizip II Er hat … Er ist …,gesteckt
stecken (festheften),Präsens 2. Pers. Ez. Du …,steckst
stecken (festheften),Konjunktiv II 3. Pers. Ez. Wenn er doch …,steckte
stehen,Präteritum 3. Pers. Ez. Er …,stand
stehen,Partizip II Er hat … Er ist …,gestanden
stehen,Präsens 2. Pers. Ez. Du …,stehst
stehen,Konjunktiv II 3. Pers. Ez. Wenn er doch …,stünde
stehen,Konjunktiv II 3. Pers. Ez. Wenn er doch …,stände
stehlen,Präteritum 3. Pers. Ez. Er …,stahl
stehlen,Partizip II Er hat … Er ist …,gestohlen
stehlen,Präsens 2. Pers. Ez. Du …,stiehlst
stehlen,Konjunktiv II 3. Pers. Ez. Wenn er doch …,stähle
stehlen,Konjunktiv II 3. Pers. Ez. Wenn er doch …,stöhle
steigen,Präteritum 3. Pers. Ez. Er …,stieg
steigen,Partizip II Er hat … Er ist …,gestiegen
steigen,Präsens 2. Pers. Ez. Du …,steigst
steigen,Konjunktiv II 3. Pers. Ez. Wenn er doch …,stiege
sterben,Präteritum 3. Pers. Ez. Er …,starb
sterben,Partizip II Er hat … Er ist …,gestorben
sterben,Präsens 2. Pers. Ez. Du …,stirbst
sterben,Konjunktiv II 3. Pers. Ez. Wenn er doch …,stürbe
stieben,Präteritum 3. Pers. Ez. Er …,stob
stieben,Partizip II Er hat … Er ist …,gestoben
stieben,Präsens 2. Pers. Ez. Du …,stiebst
stieben,Konjunktiv II 3. Pers. Ez. Wenn er doch …,stöbe
stinken,Präteritum 3. Pers. Ez. Er …,stank
stinken,Partizip II Er hat … Er ist …,gestunken
stinken,Präsens 2. Pers. Ez. Du …,stinkst
stinken,Konjunktiv II 3. Pers. Ez. Wenn er doch …,stänke
stossen,Präteritum 3. Pers. Ez. Er …,stiess
stossen,Partizip II Er hat … Er ist …,gestossen
stossen,Präsens 2. Pers. Ez. Du …,stösst
stossen,Konjunktiv II 3. Pers. Ez. Wenn er doch …,stiesse
stossen,Präsens 2. Pers. Ez. Du …,stösstest
streichen,Präteritum 3. Pers. Ez. Er …,strich
streichen,Partizip II Er hat … Er ist …,gestrichen
streichen,Präsens 2. Pers. Ez. Du …,streichst
streichen,Konjunktiv II 3. Pers. Ez. Wenn er doch …,striche
streiten,Präteritum 3. Pers. Ez. Er …,stritt
streiten,Partizip II Er hat … Er ist …,gestritten
streiten,Präsens 2. Pers. Ez. Du …,streitest
streiten,Konjunktiv II 3. Pers. Ez. Wenn er doch …,stritte
tragen,Präteritum 3. Pers. Ez. Er …,trug
tragen,Partizip II Er hat … Er ist …,getragen
tragen,Präsens 2. Pers. Ez. Du …,trägst
tragen,Konjunktiv II 3. Pers. Ez. Wenn er doch …,trüge
treffen,Präteritum 3. Pers. Ez. Er …,traf
treffen,Partizip II Er hat … Er ist …,getroffen
treffen,Präsens 2. Pers. Ez. Du …,triffst
treffen,Konjunktiv II 3. Pers. Ez. Wenn er doch …,träfe
treiben,Präteritum 3. Pers. Ez. Er …,trieb
treiben,Partizip II Er hat … Er ist …,getrieben
treiben,Präsens 2. Pers. Ez. Du …,treibst
treiben,Konjunktiv II 3. Pers. Ez. Wenn er doch …,triebe
treten,Präteritum 3. Pers. Ez. Er …,trat
treten,Partizip II Er hat … Er ist …,getreten
treten,Präsens 2. Pers. Ez. Du …,trittst
treten,Konjunktiv II 3. Pers. Ez. Wenn er doch …,träte
triefen,Präteritum 3. Pers. Ez. Er …,troff
triefen,Partizip II Er hat … Er ist …,getroffen
triefen,Präsens 3. Pers. Ez. Es …,trieft
triefen,Konjunktiv II 3. Pers. Ez. Wenn er doch …,tröffe
triefen,Präteritum 3. Pers. Ez. Er …,triefte
triefen,Partizip II Er hat … Er ist …,getrieft
triefen,Konjunktiv II 3. Pers. Ez. Wenn er doch …,triefte
trinken,Präteritum 3. Pers. Ez. Er …,trank
trinken,Partizip II Er hat … Er ist …,getrunken
trinken,Präsens 2. Pers. Ez. Du …,trinkst
trinken,Konjunktiv II 3. Pers. Ez. Wenn er doch …,tränke
trügen,Präteritum 3. Pers. Ez. Er …,trog
trügen,Partizip II Er hat … Er ist …,getrogen
trügen,Präsens 2. Pers. Ez. Du …,trügst
trügen,Konjunktiv II 3. Pers. Ez. Wenn er doch …,tröge
tun,Präteritum 3. Pers. Ez. Er …,tat
tun,Partizip II Er hat … Er ist …,getan
tun,Präsens 2. Pers. Ez. Du …,tust
tun,Konjunktiv II 3. Pers. Ez. Wenn er doch …,täte
verderben,Präteritum 3. Pers. Ez. Er …,verdarb
verderben,Partizip II Er hat … Er ist …,verdorben
verderben,Präsens 2. Pers. Ez. Du …,verdirbst
verderben,Konjunktiv II 3. Pers. Ez. Wenn er doch …,verdürbe
verdriessen,Präteritum 3. Pers. Ez. Er …,verdross
verdriessen,Partizip II Er hat … Er ist …,verdrossen
verdriessen,Präsens 2. Pers. Ez. Du …,verdriesst
verdriessen,Konjunktiv II 3. Pers. Ez. Wenn er doch …,verdrösse
verdriessen,Präsens 2. Pers. Ez. Du …,verdriessest
vergessen,Präteritum 3. Pers. Ez. Er …,vergass
vergessen,Partizip II Er hat … Er ist …,vergessen
vergessen,Präsens 2. Pers. Ez. Du …,vergisst
vergessen,Konjunktiv II 3. Pers. Ez. Wenn er doch …,vergässe
vergessen,Präsens 2. Pers. Ez. Du …,vergisstest
verlieren,Präteritum 3. Pers. Ez. Er …,verlor
verlieren,Partizip II Er hat … Er ist …,verloren
verlieren,Präsens 2. Pers. Ez. Du …,verlierst
verlieren,Konjunktiv II 3. Pers. Ez. Wenn er doch …,verlöre
verzeihen,Präteritum 3. Pers. Ez. Er …,verzieh
verzeihen,Partizip II Er hat … Er ist …,verziehen
verzeihen,Präsens 2. Pers. Ez. Du …,verzeihst
verzeihen,Konjunktiv II 3. Pers. Ez. Wenn er doch …,verziehe
wachsen (grösser werden),Präteritum 3. Pers. Ez. Er …,wuchs
wachsen (grösser werden),Partizip II Er hat … Er ist …,gewachsen
wachsen (grösser werden),Präsens 2. Pers. Ez. Du …,wächst
wachsen (grösser werden),Konjunktiv II 3. Pers. Ez. Wenn er doch …,wüchse
wachsen (mit Wachs glätten),Präteritum 3. Pers. Ez. Er …,wachste
wachsen (mit Wachs glätten),Partizip II Er hat … Er ist …,gewachst
wachsen (mit Wachs glätten),Präsens 2. Pers. Ez. Du …,wachst
wachsen (mit Wachs glätten),Konjunktiv II 3. Pers. Ez. Wenn er doch …,wachste
wachsen (mit Wachs glätten),Präsens 2. Pers. Ez. Du …,wachsest
wagen (Gewicht bestimmen),Präteritum 3. Pers. Ez. Er …,wog
wagen (Gewicht bestimmen),Partizip II Er hat … Er ist …,gewogen
wagen (Gewicht bestimmen),Präsens 2. Pers. Ez. Du …,wägst
wagen (Gewicht bestimmen),Konjunktiv II 3. Pers. Ez. Wenn er doch …,wöge
waschen,Präteritum 3. Pers. Ez. Er …,wusch
waschen,Partizip II Er hat … Er ist …,gewaschen
waschen,Präsens 2. Pers. Ez. Du …,wäschst
waschen,Konjunktiv II 3. Pers. Ez. Wenn er doch …,wüsche
weben (gehobene Sprache),Präteritum 3. Pers. Ez. Er …,wob
weben (gehobene Sprache),Partizip II Er hat … Er ist …,gewoben
weben (gehobene Sprache),Präsens 2. Pers. Ez. Du …,webst
weben (gehobene Sprache),Konjunktiv II 3. Pers. Ez. Wenn er doch …,wöbe
weben (Alltagssprache),Präteritum 3. Pers. Ez. Er …,webte
weben (Alltagssprache),Partizip II Er hat … Er ist …,gewebt
weben (Alltagssprache),Präsens 2. Pers. Ez. Du …,webst
weben (Alltagssprache),Konjunktiv II 3. Pers. Ez. Wenn er doch …,webte
weichen,Präteritum 3. Pers. Ez. Er …,wich
weichen,Partizip II Er hat … Er ist …,gewichen
weichen,Präsens 2. Pers. Ez. Du …,weichst
weichen,Konjunktiv II 3. Pers. Ez. Wenn er doch …,wiche
weisen,Präteritum 3. Pers. Ez. Er …,wies
weisen,Partizip II Er hat … Er ist …,gewiesen
weisen,Präsens 2. Pers. Ez. Du …,weist
weisen,Konjunktiv II 3. Pers. Ez. Wenn er doch …,wiese
weisen,Präsens 2. Pers. Ez. Du …,weistest
wenden,Präteritum 3. Pers. Ez. Er …,wandte
wenden,Partizip II Er hat … Er ist …,gewandt
wenden,Präsens 2. Pers. Ez. Du …,wendest
wenden,Konjunktiv II 3. Pers. Ez. Wenn er doch …,wendete
wenden,Präteritum 3. Pers. Ez. Er …,wendete
wenden,Partizip II Er hat … Er ist …,gewendet
werben,Präteritum 3. Pers. Ez. Er …,warb
werben,Partizip II Er hat … Er ist …,geworben
werben,Präsens 2. Pers. Ez. Du …,wirbst
werben,Konjunktiv II 3. Pers. Ez. Wenn er doch …,würbe
werden,Präteritum 3. Pers. Ez. Er …,wurde
werden,Partizip II Er hat … Er ist …,geworden
werden,Präsens 2. Pers. Ez. Du …,wirst
werden,Konjunktiv II 3. Pers. Ez. Wenn er doch …,würde
werden,Präteritum 3. Pers. Ez. Er … (dichterisch),ward
werfen,Präteritum 3. Pers. Ez. Er …,warf
werfen,Partizip II Er hat … Er ist …,geworfen
werfen,Präsens 2. Pers. Ez. Du …,wirfst
werfen,Konjunktiv II 3. Pers. Ez. Wenn er doch …,würfe
wiegen (Gewicht haben),Präteritum 3. Pers. Ez. Er …,wog
wiegen (Gewicht haben),Partizip II Er hat … Er ist …,gewogen
wiegen (Gewicht haben),Präsens 2. Pers. Ez. Du …,wiegst
wiegen (Gewicht haben),Konjunktiv II 3. Pers. Ez. Wenn er doch …,wöge
winden,Präteritum 3. Pers. Ez. Er …,wand
winden,Partizip II Er hat … Er ist …,gewunden
winden,Präsens 2. Pers. Ez. Du …,windest
winden,Konjunktiv II 3. Pers. Ez. Wenn er doch …,wände
winken,Präteritum 3. Pers. Ez. Er …,winkte
winken,Partizip II Er hat … Er ist …,gewinkt
winken,Präsens 2. Pers. Ez. Du …,winkst
winken,Konjunktiv II 3. Pers. Ez. Wenn er doch …,winkte
wissen,Präteritum 3. Pers. Ez. Er …,wusste
wissen,Partizip II Er hat … Er ist …,gewusst
wissen,Präsens 2. Pers. Ez. Du …,weisst
wissen,Konjunktiv II 3. Pers. Ez. Wenn er doch …,wüsste
wollen,Präteritum 3. Pers. Ez. Er …,wollte
wollen,Partizip II Er hat … Er ist …,gewollt
wollen,Präsens 2. Pers. Ez. Du …,willst
wollen,Konjunktiv II 3. Pers. Ez. Wenn er doch …,wollte
ziehen,Präteritum 3. Pers. Ez. Er …,zog
ziehen,Partizip II Er hat … Er ist …,gezogen
ziehen,Präsens 2. Pers. Ez. Du …,ziehst
ziehen,Konjunktiv II 3. Pers. Ez. Wenn er doch …,zöge
zwingen,Präteritum 3. Pers. Ez. Er …,zwang
zwingen,Partizip II Er hat … Er ist …,gezwungen
zwingen,Präsens 2. Pers. Ez. Du …,zwingst
zwingen,Konjunktiv II 3. Pers. Ez. Wenn er doch …,zwänge
